cnpj_cei,razao_social,natureza_juridica,cnae_2_0_classe_2,cep_estab,porte_estabelecimento,tamanho_estabelecimento,qtd_vinculos_ativos,nome_socio,qualificacao_socio,munic_contrato_vigente,munic_contrato_expirado
10.553.099/0001-02,COOPERATIVA PROD AGRICOLAS IGREJINHA COOPAI        ,Cooperativa,ComÈrcio Atacadista,95650-000,Outros,0 Empregado,0,"Ernani Arnoldo Faiffer                                                                                                                                       , Luiz Fernando Carasai                                                                                                                                        ","Presidente, Diretor",Igrejinha,Igrejinha
07.635.210/0001-03,COOPERATIVA REG PRODUTORES ECOLOGISTAS LIT NORTE RS,Cooperativa,ComÈrcio Atacadista,95580-000,Outros,De 1 a 4,2,"Juarez Righez                                                                                                                                                , Lenilson Webber Carlos                                                                                                                                       ","Diretor, Presidente","Tr√™s Cachoeiras, Maquin√©, Xangri-L√°, Arroio do Meio, Garibaldi, Morrinhos do Sul, Caxias do Sul","Xangri-L√°, Caxias do Sul, Morrinhos do Sul, Tr√™s Cachoeiras"
09.660.975/0001-10,COOP DOS PRODUTORES VENANCIO AIRES COOP            ,Cooperativa,Atividades de Organi,95800-000,Outros,0 Empregado,0,"Marnei Rubens Becker                                                                                                                                         , Silvia Alexsandra Dos Santos                                                                                                                                 ","Presidente, Diretor",Ven√¢ncio Aires,Ven√¢ncio Aires
10.568.281/0001-37,COOPERATIVA DOS TRABALHADORES DA REFORMA AGRARIA TER,Cooperativa,ComÈrcio Varejista d,92480-000,Outros,De 5 a 9,8,"Arnaldo Soares Borges                                                                                                                                        , Carlos Alberto De Souza                                                                                                                                      , Danilo Alves                                                                                                                                                 , Emerson Jose Giacomelli                                                                                                                                      , Laureci Coradace Leal                                                                                                                                        , Leodimar Antonio Ferreira                                                                                                                                    ","Diretor, Diretor, Diretor, Diretor, Diretor, Presidente","Glorinha, Tr√™s de Maio, Os√≥rio, Balne√°rio Pinhal, Palmares do Sul, Mostardas, Cap√£o do Le√£o, Ca√ßapava do Sul, Itaqui","Imb√©, Cap√£o do Le√£o, Balne√°rio Pinhal, Pelotas, Mostardas"
00.861.664/0001-45,COOPERATIVA DE PRODUCAO AGROPECUARIA NOVA SANTA RITA,Cooperativa,"Abate de SuÌnos, Ave",92480-000,Outros,De 1 a 4,3,"Airton Luiz Rubenich                                                                                                                                         , Julcemir Fernando Marcon                                                                                                                                     , Mauri Joao Marcon                                                                                                                                            , Mirian Manfron                                                                                                                                               , Nilvo Fernando Bosa                                                                                                                                          ","Diretor, Diretor, Diretor, Diretor, Presidente","Glorinha, Cerro Grande do Sul, Balne√°rio Pinhal, Est√¢ncia Velha","Est√¢ncia Velha, Esteio, Nova Santa Rita"
89.774.160/0005-25,COOPERATIVA LANGUIRU LTDA                          ,Cooperativa,"Abate de SuÌnos, Ave",95893-000,Outros,De 500 a 999,898,,,"Minas do Le√£o, Vale do Sol, Taba√≠, Pantano Grande, Colinas, Putinga, Coqueiro Baixo, Po√ßo das Antas, Encantado, Capit√£o, Paverama, Jaguar√£o, dois Lajeados, Vespasiano Corr√™a, Relvado, Nova Br√©scia, Roca Sales, Marques de Souza, doutor Ricardo, Lajeado, Arroio do Meio, Teut√¥nia, S√£o Jer√¥nimo, Para√≠so do Sul, Marat√°, General C√¢mara","Paverama, Coqueiro Baixo, Vale do Sol, Fazenda Vilanova, Lajeado, Minas do Le√£o, Pantano Grande, Marques de Souza, Morro Redondo, Nova Br√©scia, Buti√°, Roca Sales, Vespasiano Corr√™a, Colinas, Po√ßo das Antas, Mu√ßum, Capit√£o, Relvado, Taba√≠, Marat√°, doutor Ricardo, Arroio do Meio"
21.308.597/0001-06,COOPERNOROESTECOOP DE AGRIC FAMILI DO NOROESTE GAUCH,Cooperativa,ComÈrcio Varejista d,98910-000,Outros,0 Empregado,0,"Anisia Irena Schast Trevisan                                                                                                                                 , Carla Adriana Grohs Wagentantz                                                                                                                               ","Presidente, Diretor",Tr√™s de Maio,Tr√™s de Maio
89.774.160/0006-06,COOPERATIVA LANGUIRU LTDA                          ,Cooperativa,FabricaÁ„o de LaticÌ,95890-000,Outros,De 100 a 249,199,,,"Minas do Le√£o, Westf√°lia, Vale do Sol, Taba√≠, Pantano Grande, Colinas, Putinga, Bar√£o, Cruzeiro do Sul, Po√ßo das Antas, Encantado, Marat√°, Capit√£o, Paverama, Jaguar√£o, Vespasiano Corr√™a, dois Lajeados, Coqueiro Baixo, Nova Br√©scia, Boa Vista do Sul, Relvado, Santa Maria, Lavras do Sul, Roca Sales, Marques de Souza, Lajeado, doutor Ricardo, Fontoura Xavier, Teut√¥nia, Vera Cruz, Progresso, S√£o Jer√¥nimo, Para√≠so do Sul, Arroio do Meio, General C√¢mara, Mu√ßum","Bar√£o, Paverama, Marat√°, Nova Br√©scia, Fazenda Vilanova, Cruzeiro do Sul, Colinas, Mu√ßum, Minas do Le√£o, dois Lajeados, Morro Redondo, Marques de Souza, Lajeado, Roca Sales, Westf√°lia, Vespasiano Corr√™a, Fontoura Xavier, Capit√£o, Relvado, Taba√≠, Boa Vista do Sul, Progresso, Pantano Grande, doutor Ricardo, Arroio do Meio, Po√ßo das Antas"
91.022.632/0001-01,COOP AGRIC MISTA NOVA PALMA LTDA                   ,Cooperativa,ComÈrcio Atacadista,97250-000,Outros,De 100 a 249,112,"Claudimir Jose Piccin                                                                                                                                        , Euclides Vestena                                                                                                                                             ","Diretor, Presidente","Jaguari, Santa Maria, Santa B√°rbara do Sul, Ca√ßapava do Sul, Igrejinha, Iju√≠, Nova Palma, Flores da Cunha, Vera Cruz, S√£o Sep√©, Faxinal do Soturno, Caxias do Sul, Pelotas, Rio Grande, Itaqui",
88.587.357/0001-69,COOPERATIVA SANTA CLARA LTDA                       ,Cooperativa,ServiÁos Combinados,95185-000,Outros,De 100 a 249,102,"Alexandre Guerra                                                                                                                                             , Rogerio Bruno Sauthier                                                                                                                                       ","Diretor, Presidente","Coronel Pilar, Para√≠","Coronel Pilar, Mu√ßum"
12.267.460/0001-60,COOPERATIVA REGIONAL DA AGRICULTURA FAMILIAR DE GETU,Cooperativa,ComÈrcio Atacadista,99900-000,Outros,0 Empregado,0,"Gilmar Centenaro                                                                                                                                             , Lucimar Giaretta Vitali                                                                                                                                      ","Diretor, Presidente","Esta√ß√£o, Sert√£o, Floriano Peixoto","Floriano Peixoto, Charrua, Esta√ß√£o"
91.360.420/0001-34,COOP SUINOCULTORES DO CAI SUPERIOR LTDA            ,Cooperativa,"Abate de SuÌnos, Ave",95785-000,Outros,De 250 a 499,397,"Celso Jose Neis                                                                                                                                              , Inacio Francisco Loff                                                                                                                                        ","Presidente, Diretor","Santa Maria, Cap√£o do Le√£o, Palmares do Sul, Mostardas, Garibaldi, Rio Grande, Ca√ßapava do Sul","Cap√£o do Le√£o, Harmonia, Santa Maria, Lajeado, Mostardas"
89.774.160/0013-35,COOPERATIVA LANGUIRU LTDA                          ,Cooperativa,"Abate de SuÌnos, Ave",95740-000,Outros,De 500 a 999,745,,,"Westf√°lia, Vale do Sol, Pantano Grande, Putinga, Po√ßo das Antas, Marat√°, Encantado, Capit√£o, dois Lajeados, Coqueiro Baixo, Progresso, General C√¢mara","Paverama, Coqueiro Baixo, Vespasiano Corr√™a, Progresso, Po√ßo das Antas, Boa Vista do Sul, dois Lajeados, Marat√°, Capit√£o"
08.546.254/0001-11,COOP PROD E DESENV RURAL DOS AGRIC FAMIL           ,Cooperativa,ComÈrcio Atacadista,97015-001,Outros,De 5 a 9,5,"Alcione Piasentin Claro                                                                                                                                      , Elen De Fatima Dos Santos Diniz                                                                                                                              , Fernando Dos Santos Lima                                                                                                                                     , Josemar Brutti                                                                                                                                               , Maria Elena Frigo Cerdote Machado                                                                                                                            , Matias Weber                                                                                                                                                 ","Diretor, Diretor, Presidente, Diretor, Diretor, Diretor","Santa Maria, S√£o Vicente do Sul",Santa Maria
12.309.267/0001-44,VINICOLA PALUDO LTDA EPP                           ,Sociedade Qt Ltda,Cultivo de Uva,95923-000,Pequeno Porte,0 Empregado,0,"Ernestina Paludo                                                                                                                                             , Leandro Henrique Paludo                                                                                                                                      , Marciano Paludo                                                                                                                                              , Marines Lurdes Gerhardt                                                                                                                                      , Martinho Paludo                                                                                                                                              , Mateus De Oliveira Paludo                                                                                                                                    ","S√≥cio, S√≥cio, S√≥cio-Administrador, S√≥cio, S√≥cio, S√≥cio","Westf√°lia, Encantado, Po√ßo das Antas, Marques de Souza, Roca Sales, Capit√£o, Progresso, Rio Grande, Mu√ßum","Lajeado, Progresso, Mu√ßum, Marques de Souza, Westf√°lia, Capit√£o"
21.853.581/0001-84,HERBON AGROINDUSTRIA LTDA   EPP                   ,Firma Mercantil Indi,FabricaÁ„o de Produt,95748-000,Microempresa,De 10 a 19,14,"Aline Gauer                                                                                                                                                  , Egon Jose Herbert                                                                                                                                            , Joao Guilherme Gauer                                                                                                                                         ","S√≥cio-Administrador, S√≥cio, S√≥cio","Vale Real, Salvador do Sul, S√£o Jos√© do Sul, Est√¢ncia Velha, Garibaldi, S√£o Jos√© do Hort√™ncio","S√£o Jos√© do Hort√™ncio, Vale Real, S√£o Jos√© do Sul, Est√¢ncia Velha, Salvador do Sul"
73.273.526/0001-19,COOP DE PEQUENOS AGROPECUARISTAS DE ERVAL GRANDE LTD,Cooperativa,ComÈrcio Atacadista,99750-000,Outros,De 10 a 19,18,"Jaci Agustinho Auziliero                                                                                                                                     , Jandir Buratti                                                                                                                                               ","Presidente, Diretor","Taquara, S√£o Valentim","Benjamin Constant do Sul, S√£o Valentim"
88.587.357/0002-40,COOPERATIVA SANTA CLARA LTDA                       ,Cooperativa,FabricaÁ„o de LaticÌ,95185-000,Outros,De 250 a 499,423,,,Vale Real,Vale Real
88.587.357/0066-04,COOPERATIVA SANTA CLARA LTDA                       ,Cooperativa,ComÈrcio Atacadista,95185-000,Outros,De 20 a 49,29,,,"Salvador do Sul, Santa B√°rbara do Sul, Santo Augusto, Iju√≠, Veran√≥polis, Bar√£o, S√£o Pedro da Serra, Nova Br√©scia, Carlos Barbosa, Erval Seco, Balne√°rio Pinhal, S√£o Vendelino, Ca√ßapava do Sul, Arroio do Meio, Crissiumal, Garibaldi, Pelotas, Canela, Serafina Corr√™a, Boa Vista do Incra","√Ågua Santa, Morro Redondo, Pelotas, Casca, Santa B√°rbara do Sul, Vale do Sol, S√£o Vendelino, Seberi, Nova Br√©scia, Salvador do Sul, S√£o Pedro da Serra, Lavras do Sul, Santo Augusto, Ajuricaba, Canela, Putinga, Erval Seco, Crissiumal"
12.109.796/0001-02,ATAF                                               ,Outras OrganizaÁıes,Atividades de Organi,95600-000,Microempresa,0 Empregado,0,Isequiel Manoel Gress                                                                                                                                        ,Presidente,Taquara,"Parob√©, Taquara"
04.901.469/0001-52,"ECOVALE, COOPERATIVA REGIONAL DE AGRICULTORES FAMILI",Cooperativa,ComÈrcio Varejista d,96810-090,Outros,De 1 a 4,2,"Adriano Vanderlei Kern                                                                                                                                       , Anderson Rodrigo Richter                                                                                                                                     , Dirceu Batista Weber                                                                                                                                         , Enio Diemer                                                                                                                                                  , Evandro Da Rosa Silveira                                                                                                                                     , Ilio Schiefferdecker                                                                                                                                         , Ilsidonia Flesch                                                                                                                                             , Laercio Andre Frantz                                                                                                                                         , Lori Maria Stulp Weber                                                                                                                                       , Mariane Ines Sehn                                                                                                                                            , Noemia Gass Parnow                                                                                                                                           , Noemia Jager                                                                                                                                                 , Paulo Sergio Padilha                                                                                                                                         , Roque Finkler                                                                                                                                                , Sinelio Arendt                                                                                                                                               , Teresinha Weber                                                                                                                                              ","Diretor, Diretor, Diretor, Diretor, Diretor, Diretor, Diretor, Diretor, Presidente, Diretor, Diretor, Diretor, Diretor, Diretor, Diretor, Diretor",Vale do Sol,Vale do Sol
15.388.008/0001-44,CECAFES COOPERATIVA CENTRAL DE COMERCIALIZACAO DA AG,Cooperativa,Atividades de Associ,99709-370,Outros,De 5 a 9,7,"Gelso Bissolotti                                                                                                                                             , Roberto Luis Balen                                                                                                                                           ","Diretor, Diretor","Ponte Preta, Jacutinga, Jaquirana, Passo Fundo, Cap√£o Bonito do Sul, Marau, Muliterno, Marcelino Ramos, Cir√≠aco, Campinas do Sul, Palmares do Sul, Os√≥rio, Santa Maria, Benjamin Constant do Sul, Aratiba","Floriano Peixoto, Erechim, Marau, Marcelino Ramos, Centen√°rio, Aratiba, Santa Maria, Jacutinga, Benjamin Constant do Sul, Cir√≠aco, Ponte Preta, Campinas do Sul, Tio Hugo"
13.546.912/0001-05,COOP LEOBOQUEIRENSE DE AGRICULTORES FAMILIARES     ,Cooperativa,ProduÁ„o Florestal -,95920-000,Outros,0 Empregado,0,"Joao Alderi Camara                                                                                                                                           , Leandro Peterson                                                                                                                                             , Maria Goreti Ogliari                                                                                                                                         , Rosane Fatima Chemin                                                                                                                                         , Silvio Montineli                                                                                                                                             ","Diretor, Presidente, Diretor, Diretor, Diretor",Boqueir√£o do Le√£o,"S√©rio, Boqueir√£o do Le√£o"
,,,,NA-NA,,,,,,"Santo Augusto, Palmitinho, Tr√™s de Maio, Seberi, Augusto Pestana, Ajuricaba, Inhacor√°, Crissiumal, S√£o Val√©rio do Sul","Ajuricaba, Augusto Pestana, Santo Augusto, Palmitinho, S√£o Val√©rio do Sul, Inhacor√°, Crissiumal, S√£o Martinho"
09.522.322/0001-75,VILSON SAVADINSCKY E CIA LTDA - ME                 ,Sociedade Qt Ltda,ComÈrcio Varejista d,99470-000,Microempresa,0 Empregado,0,"Erni Savadinscky                                                                                                                                             , Lauri Germano Savadinscky                                                                                                                                    , Vilson Savadinscky                                                                                                                                           ","S√≥cio, S√≥cio, S√≥cio-Administrador",N√£o-Me-Toque,N√£o-Me-Toque
11.524.136/0001-17,SOLANGE AULER BINI                                 ,Firma Mercantil Indi,FabricaÁ„o de Produt,99470-000,Microempresa,0 Empregado,0,,,N√£o-Me-Toque,N√£o-Me-Toque
09.399.257/0001-32,COOP AGROP E LATICINIOS PONTAO LTDA              ,Cooperativa,Transporte Rodovi·ri,99190-000,Outros,De 10 a 19,10,"Ari Joao Pilatti                                                                                                                                             , Celso Roncaglio                                                                                                                                              , Darci Jose Antunes Maschio                                                                                                                                   , Enio Borges Dos Santos                                                                                                                                       , Fernando Agostinho Manica                                                                                                                                    , Jandir Antonio Ferreira Bueno                                                                                                                                , Marcelino De Campos Batista                                                                                                                                  ","Diretor, Diretor, Presidente, Diretor, Diretor, Diretor, Diretor","N√£o-Me-Toque, Passo Fundo, Rondinha, Erval Seco, Trindade do Sul, Gramado dos Loureiros","Marau, Pont√£o, Rondinha, Trindade do Sul, N√£o-Me-Toque"
10.696.943/0002-35,COOPERATIVA MISTA YUCUMA                           ,Cooperativa,ComÈrcio Varejista d,98528-000,Outros,De 5 a 9,6,,,derrubadas,
07.592.085/0001-93,COOP DE PROD E COM DA AGRIC FAM DE ROQUE GONZALES LT,Cooperativa,ComÈrcio Varejista d,97970-000,Outros,De 5 a 9,7,"Elizeu Neubuser Fenner                                                                                                                                       , Vilson Carlos Fenner                                                                                                                                         ","Diretor, Presidente",S√£o Pedro do Buti√°,S√£o Pedro do Buti√°
09.579.969/0001-33,ANGELO BERGONCI & CIA LTDA ME                      ,Sociedade Qt Ltda,"Abate de Reses, Exce",95920-000,Microempresa,De 1 a 4,1,,,Boqueir√£o do Le√£o,Boqueir√£o do Le√£o
08.835.220/0001-47,COOPERATIVA DE PRODUTORES DE UVA E DERIVADOS DE AMET,Cooperativa,FabricaÁ„o de Vinho,98465-000,Outros,De 5 a 9,6,"Edemar Mezzaroba                                                                                                                                             , Elton Mezzaroba                                                                                                                                              , Lucas Fernando Litcoski                                                                                                                                      ","Diretor, Presidente, Diretor","Palmitinho, Planalto, Trindade do Sul, Gramado dos Loureiros, Erval Seco, Pinheirinho do Vale, Seberi","Palmitinho, Planalto, Gramado dos Loureiros, Trindade do Sul"
11.329.990/0001-22,COOP DOS PROD ORGANICOS DE REF AGRARIA             ,Cooperativa,ComÈrcio Atacadista,94770-970,Outros,0 Empregado,0,"Carine Marcia Pietroski                                                                                                                                      , Leonildo Zang                                                                                                                                                , Roseli Canzarolli                                                                                                                                            ","Diretor, Diretor, Presidente","Balne√°rio Pinhal, Palmares do Sul, Os√≥rio",Balne√°rio Pinhal
,,,,NA-NA,,,,,,"Balne√°rio Pinhal, Barra do Ribeiro, Parob√©","Parob√©, Glorinha, Cerro Grande do Sul"
10.917.361/0001-50,COOP DE CONS E COM DOS PEQ PROD RURAIS             ,Cooperativa,Atividades de Apoio,95520-000,Outros,De 1 a 4,1,"Cesar Dadda                                                                                                                                                  , Euclides Duarte Barcelos                                                                                                                                     , Juliana Beatriz Pereira                                                                                                                                      , Sandra Regina Da Silva Kauer                                                                                                                                 ","Diretor, Diretor, Diretor, Presidente","Balne√°rio Pinhal, Mostardas, Xangri-L√°, Os√≥rio","Xangri-L√°, Cap√£o da Canoa, Capivari do Sul, Balne√°rio Pinhal"
05.397.605/0001-81,COOP DE PROD ALIM ORG ECON SOLIDARIA LT            ,Cooperativa,Cultivo de Oleaginos,99840-000,Outros,De 1 a 4,2,"Edivan Sagiorato                                                                                                                                             , Norberto Luiz Citon                                                                                                                                          , Vilson Joao Sasset                                                                                                                                           ","Presidente, Diretor, Diretor","Santo Expedito do Sul, Ibia√ß√°",
15.072.633/0001-82,COOP DE AGRICULTURA FAMILIAR DE LOMBA GRANDE       ,Cooperativa,ComÈrcio Atacadista,93490-000,Outros,0 Empregado,0,"Aldonir Dal Moro                                                                                                                                             , Douglas Buhler                                                                                                                                               , Jonas Leonel Sapieczinski                                                                                                                                    , Mario Jardel Da Silva                                                                                                                                        ","Presidente, Diretor, Diretor, Diretor",,
09.135.116/0001-02,COOP MICRO REGIONAL AGRIC FAM BENJAMIN SAO VALENTIM,Cooperativa,ComÈrcio Atacadista,99640-000,Outros,0 Empregado,0,"Luiz Carlinho Gomes Samuel                                                                                                                                   , Marcelo D Agostini                                                                                                                                           ","Diretor, Presidente","S√£o Valentim, Benjamin Constant do Sul",
04.636.068/0002-01,COOPERATIVA AGROPECUARIA DOS AGRICULTORES FAMILIARES,Cooperativa,ComÈrcio Varejista d,98500-000,Outros,De 1 a 4,2,,,Tenente Portela,Tenente Portela
10.763.636/0001-49,COOP DA AGRIC E AGROIND FAM DE SAO PAULO DAS MISSOES,Cooperativa,ComÈrcio Varejista d,97980-000,Outros,0 Empregado,0,"Ivo Kuhn                                                                                                                                                     , Ivo Schons Rabuske                                                                                                                                           , Roseli Maria Backes                                                                                                                                          ","Diretor, Presidente, Diretor",S√£o Paulo das Miss√µes,S√£o Paulo das Miss√µes
88.587.357/0037-70,COOPERATIVA SANTA CLARA LTDA                       ,Cooperativa,ComÈrcio Atacadista,92420-360,Outros,De 100 a 249,101,,,"Cerro Grande do Sul, Mostardas",
09.099.485/0001-97,COOPERATIVA DA PRODUCAO  DOS AGRICULTORES FAMILIARES,Cooperativa,Cultivo de Oleaginos,99560-000,Outros,0 Empregado,0,"Daniela Julia Barichello                                                                                                                                     , Eliomar Jose Rigo                                                                                                                                            , Ivandro Magnabosco                                                                                                                                           , Laurido Inacio Cassel                                                                                                                                        , Leandro Ademir Fleck                                                                                                                                         , Mauricio Luiz Petry                                                                                                                                          , Terezinha Alberti Spessatto                                                                                                                                  ","Diretor, Diretor, Presidente, Diretor, Diretor, Diretor, Diretor","Sarandi, Passo Fundo, Almirante Tamandar√© do Sul, N√£o-Me-Toque, Tr√™s Palmeiras","Barra Funda, Almirante Tamandar√© do Sul, Sarandi, N√£o-Me-Toque"
07.111.971/0001-58,COOPERATIVA DAS ATIVIDADES AGROINDUSTRIA           ,Cooperativa,ComÈrcio Atacadista,98640-000,Outros,De 1 a 4,2,"Ademar Valdomiro Hunsche                                                                                                                                     , Anderson Luis Wolfart Wietholter                                                                                                                             , Ari Jede                                                                                                                                                     , Clarice Weber Lanz                                                                                                                                           , Diva Marlise Lippert Hertz                                                                                                                                   , Joel De Almeida Jungblut                                                                                                                                     , Luiz Jose Jungblut                                                                                                                                           , Marcio Andre Scheer Hunsche                                                                                                                                  , Marcos Klafke Zimmermann                                                                                                                                     , Rogerio Schlindwein Steffens                                                                                                                                 , Tatieli Fernanda Wermeier Weber                                                                                                                              , Valdir Queiroz                                                                                                                                               ","Diretor, Diretor, Diretor, Diretor, Diretor, Diretor, Diretor, Diretor, Presidente, Diretor, Diretor, Diretor",Crissiumal,Crissiumal
07.820.110/0001-49,COOPERATIVA DOS AGRICULTORES DE PORTO VERA CRUZ LTDA,Cooperativa,ComÈrcio Atacadista,98985-000,Outros,0 Empregado,0,"Elias Giovani Horn                                                                                                                                           , Jaco Pedro Horn                                                                                                                                              ","Diretor, Presidente","Porto Vera Cruz, Porto Lucena","Porto Lucena, Porto Vera Cruz"
01.112.137/0001-09,COOPERATIVA DOS TRABALHADORES ASSENTADOS DA REGIAO P,Cooperativa,ComÈrcio Atacadista,92990-000,Outros,De 10 a 19,12,"Alcinda Soares Ribeiro                                                                                                                                       , Emerson Jose Giacomelli                                                                                                                                      , Marcos Vanderlei Dos Santos                                                                                                                                  , Marildo Mulinari                                                                                                                                             , Osmar Moises De Moura                                                                                                                                        ","Diretor, Presidente, Diretor, Diretor, Diretor","Ven√¢ncio Aires, Taquara, Balne√°rio Pinhal, Palmares do Sul, Mostardas, Maquin√©, Veran√≥polis","Xangri-L√°, Nova Santa Rita, Taquara, Mostardas, Esteio, Lajeado, Balne√°rio Pinhal, Vila Flores"
14.782.568/0001-16,COOPERATIVA AGROPECUARIA DE SERTAO SANTA           ,Cooperativa,FabricaÁ„o de Refrig,92850-000,Outros,0 Empregado,0,"Celita Bialeski                                                                                                                                              , Marcio Rogerio Mileski                                                                                                                                       ","Presidente, Diretor","Cerro Grande do Sul, Barra do Ribeiro, Sert√£o Santana, Palmares do Sul","Sert√£o Santana, Buti√°, Cerro Grande do Sul, Bar√£o do Triunfo"
,,,,NA-NA,,,,Hilario Penz                                                                                                                                                 ,Presidente,Parob√©,Parob√©
10.348.129/0001-49,COOP VINHO FRONTEIRA NOROESTE E ECONOMIA SOL COOPERV,Cooperativa,FabricaÁ„o de Vinho,98930-000,Pequeno Porte,0 Empregado,0,"Dejalma Luiz Turra                                                                                                                                           , Lauro Jose Grando                                                                                                                                            ","Diretor, Diretor",Coronel Bicaco,Coronel Bicaco
88.612.486/0001-60,COOP AGROINDUSTRIAL NOVA ALIANCA LTDA             ,Sociedade Qt Ltda,FabricaÁ„o de Sucos,95270-000,Outros,De 100 a 249,210,"Alceu Dalle Molle                                                                                                                                            , Gilberto Verdi                                                                                                                                               ","Presidente, Diretor","Sant'ana do Livramento, Nova P√°dua, Flores da Cunha",Nova P√°dua
92.773.142/0001-00,ASCAR                                              ,Outras OrganizaÁıes,ServiÁos de AssistÍn,90150-053,Outros,1000 ou Mais,2196,"Elton Roberto Weber                                                                                                                                          , Ibere De Mesquita Orsi                                                                                                                                       , Rui Polidoro Pinto                                                                                                                                           ","NA, Presidente, NA",Barra do Ribeiro,
21.976.459/0001-03,SUCOS IRMAOS RABAIOLI LTDA ME                     ,Sociedade Qt Ltda,FabricaÁ„o de Sucos,95885-000,Microempresa,0 Empregado,0,"Ibanor Rabaioli                                                                                                                                              , Lenir Cagol Rabaioli                                                                                                                                         , Marcelo Rabaioli                                                                                                                                             , Marciano Rabaioli                                                                                                                                            ","S√≥cio, S√≥cio, S√≥cio-Administrador, S√≥cio-Administrador",Po√ßo das Antas,Salvador do Sul
73.698.367/0001-02,COOPERATIVA DOS AGRICULTORES DE SANTO CRISTO LTDA  ,Cooperativa,Atividades de Apoio,98960-000,Outros,De 20 a 49,26,"Eliseu Luis Stein                                                                                                                                            , Jorge Luiz Nonnemacher                                                                                                                                       , Walmir Jose Meinerz                                                                                                                                          ","Diretor, Presidente, Diretor",Santo Cristo,Santo Cristo
04.983.476/0001-40,COOPSUL ECOLOGICA AGRICFAMILLTDA                ,Cooperativa,ComÈrcio Atacadista,96010-140,Outros,De 5 a 9,7,"Andreia Voss Normberg                                                                                                                                        , Denise Peter Pokojewski                                                                                                                                      , Ealaine Ehlert Pollnow                                                                                                                                       , Edmilson Hartwig Bartz                                                                                                                                       , Julio Watthier                                                                                                                                               , Loro Natal Bender Bozembecker                                                                                                                                , Marigaiane De Medeiros                                                                                                                                       ","Diretor, Diretor, Diretor, Diretor, Diretor, Diretor, Presidente","Turu√ßu, Cap√£o do Le√£o, Pelotas",Pelotas
09.499.014/0001-76,COOP ATIV INDARTAGRICFAMTURUCU               ,Cooperativa,ComÈrcio Varejista d,96148-000,Outros,De 1 a 4,3,"Delia Maria Seus Milbrath                                                                                                                                    , Vera Tuchtenhagen                                                                                                                                            , Veronica Christ Tuchtenhagen                                                                                                                                 ","Diretor, Presidente, Diretor",Turu√ßu,
15.159.381/0001-23,COOP AGROPEC DE ARROIO DO PADRE COOPAP             ,Cooperativa,ComÈrcio Atacadista,96155-000,Outros,0 Empregado,0,"Carlos Gustavo Lapschies                                                                                                                                     , Olavo Guths Ott                                                                                                                                              ","Presidente, Diretor","Pedro Os√≥rio, Jaguar√£o, Cap√£o do Le√£o, Arroio do Padre, Turu√ßu","Cap√£o do Le√£o, Arroio do Padre"
08.394.739/0001-37,COOPDA AGRICFAMILIAR DE RESTINGA SECA            ,Cooperativa,Atividades de Associ,97200-000,Outros,0 Empregado,0,"Jose Luciano Wollmann                                                                                                                                        , Merquides Roberto Pauletto                                                                                                                                   , Odete Maria Belladona Machado                                                                                                                                ","Diretor, Presidente, Diretor","Formigueiro, Restinga Seca, Nova Palma","S√£o Pedro do Sul, Restinga Seca, Formigueiro"
89.305.239/0005-07,COOP DOS SUINOCULTORES DE ENCANTADO LTDA           ,Cooperativa,FabricaÁ„o de LaticÌ,95940-000,Outros,De 100 a 249,173,,,Encantado,"Lajeado, Igrejinha"
94.890.266/0001-09,COOPERATIVA MISTA DOS PEQUENOS AGRICULTORES DA REGIA,Cooperativa,Atividades de Apoio,96170-000,Outros,De 20 a 49,47,"Amilton Strelow                                                                                                                                              , Daniel Francisco Lemke                                                                                                                                       , Edegar Geri Rehbein                                                                                                                                          , Eduardo Krumreich Thurow                                                                                                                                     , Eno Knopp                                                                                                                                                    , Helio Gilberto Hax                                                                                                                                           , Ingo Seefeldt                                                                                                                                                , Jairo Becker                                                                                                                                                 , Joao Carlos Bosenbecker                                                                                                                                      , Jose Sidney Nunes De Almeida                                                                                                                                 , Leia Neutzling Ritter                                                                                                                                        , Marcio Joel Bartz                                                                                                                                            , Nelcido Bubolz                                                                                                                                               , Nildo Rutz                                                                                                                                                   , Renato Voigt                                                                                                                                                 , Zilmar Caetano De Almeida                                                                                                                                    ","Diretor, Diretor, Diretor, Diretor, Diretor, Diretor, Diretor, Diretor, Diretor, Diretor, Diretor, Diretor, Diretor, Diretor, Diretor, Presidente","Turu√ßu, Arroio do Padre",Arroio do Padre
07.485.034/0001-62,MIRIAN ROZANE BRITTO DA COSTA                      ,Firma Mercantil Indi,FabricaÁ„o de Produt,96170-000,Microempresa,0 Empregado,0,,,Turu√ßu,
14.789.447/0001-04,TORRI & TORRI LTDA ME                              ,Sociedade Qt Ltda,FabricaÁ„o de Sucos,97195-000,Microempresa,0 Empregado,0,"Arnaldo Torri                                                                                                                                                , Rafael Munari Torri                                                                                                                                          ","S√≥cio, S√≥cio-Administrador","Nova Palma, S√£o Vicente do Sul, S√£o Sep√©, Faxinal do Soturno",Nova Palma
09.341.805/0001-73,ASSOCIACAO REMANESCENTE QUILOMBO VOVO ISABEL       ,Outras OrganizaÁıes,Atividades de Associ,97250-000,Outros,0 Empregado,0,"Flavio Moreira                                                                                                                                               , Marcos Antonio Salatiel De Souza                                                                                                                             ","Presidente, Diretor",Nova Palma,
11.396.328/0001-95,COOPERATIVA UNIAO DOS AGRICULTORES FAMIL           ,Cooperativa,ComÈrcio Atacadista,96600-000,Outros,De 5 a 9,8,"Edenir Fonseca Duarte                                                                                                                                        , Fabris Cardoso Prestes                                                                                                                                       , Iasmin Roloff Rutz                                                                                                                                           , Ivo Gilberto Scheunemann                                                                                                                                     ","Diretor, Presidente, Diretor, Diretor","Jaguar√£o, Pedro Os√≥rio, Ca√ßapava do Sul",
11.185.973/0001-69,COOPERATIVA REGIONAL DE ALIMENTOS SANTA            ,Cooperativa,Atividades de Apoio,96816-330,Outros,De 1 a 4,2,"Carlos Eduardo Waechter                                                                                                                                      , Cassio Benito Baptista                                                                                                                                       , Sergio Luiz Reis                                                                                                                                             ","Diretor, Diretor, Diretor",Vera Cruz,Vera Cruz
17.821.228/0001-45,COOP MISTA AGRIC FAMILIARES DE VERA CRUZ COOPERVEC ,Cooperativa,ComÈrcio Atacadista,96880-000,Outros,0 Empregado,0,"Airton Romeu Mueller                                                                                                                                         , Irineu Wagner                                                                                                                                                ","Presidente, Diretor","Vera Cruz, Vale do Sol","Vera Cruz, Vale do Sol"
89.774.160/0001-00,COOPERATIVA LANGUIRU LTDA                          ,Cooperativa,"Abate de SuÌnos, Ave",95890-000,Outros,De 50 a 99,89,"Dirceu Bayer                                                                                                                                                 , Flavio Joao Walter                                                                                                                                           ","Presidente, Diretor","Vera Cruz, Sert√£o Santana","Santo Augusto, Sert√£o Santana, Humait√°"
88.587.357/0024-55,COOPERATIVA SANTA CLARA LTDA                       ,Cooperativa,ComÈrcio Varejista d,95335-000,Outros,De 10 a 19,15,,,Cotipor√£,Cotipor√£
,,,,NA-NA,,,,"Alex Scalco                                                                                                                                                  , Jadir Foppa                                                                                                                                                  ","Presidente, Diretor","dois Lajeados, Vespasiano Corr√™a, Camargo, Uni√£o da Serra, Nova Ara√ß√°, Marau, Serafina Corr√™a","Nova Alvorada, Marau, S√£o Valentim do Sul, Uni√£o da Serra, dois Lajeados, Nova Ara√ß√°, Vespasiano Corr√™a, Para√≠, doutor Ricardo"
10.264.853/0001-94,FABIO BAGGIO & CIA LTDA                            ,Sociedade Qt Ltda,FabricaÁ„o de Sucos,99220-000,Microempresa,De 1 a 4,1,"Ermelinda Gasparetto Baggio                                                                                                                                  , Fabio Baggio                                                                                                                                                 ","S√≥cio, S√≥cio-Administrador","dois Lajeados, Boa Vista do Sul, S√£o Valentim do Sul, Uni√£o da Serra, Capit√£o","Vespasiano Corr√™a, Uni√£o da Serra, Encantado, dois Lajeados"
06.101.295/0001-79,F FOPPA AGROINDUSTRIA E SERVICOS  ME               ,Firma Mercantil Indi,FabricaÁ„o de Conser,95185-000,Microempresa,0 Empregado,0,"Flavio Foppa                                                                                                                                                 , Ronei Foppa                                                                                                                                                  ","S√≥cio, S√≥cio-Administrador",Carlos Barbosa,
05.047.086/0001-21,COOPERATIVA DE PRODUCAO E CONSUMO FAMILIAR NOSSA TER,Cooperativa,ComÈrcio Varejista d,99709-436,Outros,De 5 a 9,8,"Adelmir Gaiardo                                                                                                                                              , Jose Martins Dos Santos                                                                                                                                      , Marino Slongo                                                                                                                                                ","Presidente, Diretor, Diretor","Centen√°rio, Coxilha, Carlos Gomes, Rio Grande","Erechim, Centen√°rio, Caxias do Sul"
14.034.692/0001-01,LEILA TERESINHA SESTARI GUERRA                     ,Firma Mercantil Indi,FabricaÁ„o de Sucos,98500-000,Microempresa,0 Empregado,0,,,"Tenente Portela, derrubadas, Vista Ga√∫cha",Tenente Portela
90.049.156/0001-50,COOPERATIVA VINICOLA GARIBALDI LTDA                ,Cooperativa,FabricaÁ„o de Vinho,95720-000,Outros,De 100 a 249,180,"Matheus Marodin                                                                                                                                              , Oscar Lo                                                                                                                                                     , Vanderlei Berra                                                                                                                                              ","Diretor, Presidente, Diretor","Boa Vista do Sul, Caxias do Sul, Rio Grande, Garibaldi","Boa Vista do Sul, Caxias do Sul"
21.850.845/0001-46,AGROINDUSTRIA POLPAS DE FRUTAS CITRICAS DO ABREU LTD,Sociedade Qt Ltda,FabricaÁ„o de Conser,98920-000,Microempresa,0 Empregado,0,"Joao Carlos De Abreu                                                                                                                                         , Odite Dalla Vechia Abreu                                                                                                                                     ","S√≥cio-Administrador, S√≥cio-Administrador","Boa Vista do Buric√°, Campo Novo",Boa Vista do Buric√°
88.587.357/0005-92,COOPERATIVA SANTA CLARA LTDA                       ,Cooperativa,"Abate de SuÌnos, Ave",95185-000,Outros,De 100 a 249,226,,,"Carlos Barbosa, Bar√£o, Nova Br√©scia, S√£o Vendelino, Santo Augusto, Garibaldi, Serafina Corr√™a","S√£o Vendelino, Putinga, Santo Augusto"
05.728.869/0001-70,INDUSTRIA DE SUCOS PUTINGUENSE LTDA                ,Sociedade Qt Ltda,FabricaÁ„o de Sucos,95975-000,Microempresa,0 Empregado,0,"Jenir Polese                                                                                                                                                 , Norberto Polese                                                                                                                                              ","S√≥cio, S√≥cio-Administrador","Relvado, Putinga, doutor Ricardo","Putinga, Relvado, doutor Ricardo"
10.378.011/0001-63,COOP DOS PROD RURAIS  AGRIC FAMILIAR FW            ,Cooperativa,ComÈrcio Varejista d,98400-000,Outros,De 1 a 4,1,"Clarice Magalski                                                                                                                                             , Vanderlei Zonta                                                                                                                                              ","Diretor, Presidente","Seberi, Jaboticaba, Erval Seco","Erval Seco, Seberi, Jaboticaba, Taquaru√ßu do Sul"
09.014.609/0001-94,COOPERATIVA MISTA DE PROD EXTREMO NORTE           ,Cooperativa,ComÈrcio Atacadista,98480-000,Outros,0 Empregado,0,"Cesar Luiz Zuzelski                                                                                                                                          , Juciane Pilatti Baronio                                                                                                                                      , Wagner Rogerio Bohn                                                                                                                                          ","Diretor, Diretor, Presidente",Planalto,Planalto
05.904.624/0001-57,COOPERATIVA CENTRAL DA AGRICULTURA FAMILIAR LTDA   ,Cooperativa,ComÈrcio Varejista d,98780-765,Outros,De 5 a 9,5,"Luis Blasio Wammes                                                                                                                                           , Paulo Kreutz                                                                                                                                                 ","Diretor, Presidente","Santo Cristo, Santa Rosa, Tr√™s de Maio","Tr√™s de Maio, Santa Rosa"
12.448.006/0001-05,SILVONEI ZANON                                     ,Firma Mercantil Indi,FabricaÁ„o de Sucos,95360-000,Microempresa,0 Empregado,0,,,Andr√© da Rocha,"Casca, Vanini, Cap√£o Bonito do Sul, Andr√© da Rocha"
03.034.075/0001-81,COOPERATIVA DE PRODUCAO AGROPECUARIA TERRA E VIDA LT,Cooperativa,ComÈrcio Varejista d,99950-000,Outros,De 10 a 19,10,"Evaldo Gaiardo                                                                                                                                               , Rafael Borille                                                                                                                                               ","Diretor, Presidente","Ibia√ß√°, Caseiros, Passo Fundo, √Ågua Santa, Vila L√¢ngaro, Santa Cec√≠lia do Sul","Charrua, √Ågua Santa, Vila L√¢ngaro, Santa Cec√≠lia do Sul, Ibia√ß√°, Coxilha"
03.834.521/0001-32,INDUSTRIA DE DOCES E CONSERVAS KINKAS LTDA         ,Sociedade Qt Ltda,FabricaÁ„o de Conser,98380-000,Microempresa,0 Empregado,0,"Gladis Therezinha Pegoraro                                                                                                                                   , Wilson De Freitas Martins                                                                                                                                    ","S√≥cio-Administrador, S√≥cio","Seberi, Jaboticaba","Seberi, Jaboticaba"
09.488.055/0001-67,COOPIVORA                                          ,Cooperativa,Atividades de Apoio,98160-000,Outros,0 Empregado,0,"Acemar Joao De Gregori                                                                                                                                       , Charleston Wilson De Vargas Lourenco                                                                                                                         , Josemar Jose Copetti                                                                                                                                         ","Diretor, Presidente, Diretor",S√£o Vicente do Sul,
02.701.335/0001-62,SALETE MARIA GASPERIN E CIA LTDA                   ,Sociedade Qt Ltda,FabricaÁ„o de Massas,95185-000,Microempresa,De 10 a 19,12,"Salete Maria Gasperin Dalsin                                                                                                                                 , Tiago Gasperin Dalsin                                                                                                                                        ","S√≥cio, S√≥cio-Administrador","Carlos Barbosa, Garibaldi",
07.635.210/0002-86,COOPERATIVA REG PRODUTORES ECOLOGISTAS LIT NORTE RS,Cooperativa,ComÈrcio Atacadista,95240-000,Outros,De 1 a 4,1,,,Prot√°sio Alves,Prot√°sio Alves
20.087.710/0001-08,ASSOC DE PEQ PROD DA AGROIND FAMILIAR PASSO DA CLARA,Outras OrganizaÁıes,Atividades de Associ,97400-000,Outros,0 Empregado,0,Gelson Antonio Lehnhart                                                                                                                                      ,Presidente,Toropi,Toropi
22.469.865/0001-34,CENTRAL DE COOP DA AGRICULTURA FAMILIAR UNICENTRAL ,Cooperativa,Atividades de Apoio,97010-970,Outros,0 Empregado,0,"Alcione Piasentin Claro                                                                                                                                      , Cassio Benito Baptista                                                                                                                                       , Charleston Wilson De Vargas Lourenco                                                                                                                         , Daguimar Zibicoski Reolon                                                                                                                                    , Luciane Lisete Friedrich Wilhelm                                                                                                                             ","Presidente, Diretor, Diretor, Diretor, Diretor","Santa Maria, S√£o Vicente do Sul",Santa Maria
94.480.217/0001-90,COOP MISTA E DE TRABALHO ALTERNATIVA LTD           ,Cooperativa,Atividades Associati,99010-102,Outros,0 Empregado,0,"Luiz Costella                                                                                                                                                , Maristella Finatto Ferro                                                                                                                                     ","Diretor, Presidente",Passo Fundo,
89.982.268/0002-60,COOPERATIVA TRITICOLA FREDERICO WESTPHALEN LTDA    ,Cooperativa,ComÈrcio Varejista d,98400-000,Outros,De 50 a 99,52,,,Boa Vista das Miss√µes,Boa Vista das Miss√µes
16.741.146/0001-28,COOP PROD AGROINDUSTRIAL FAMILIAR CENTRAL COM DE HOR,Cooperativa,ComÈrcio Varejista d,98920-000,Outros,De 1 a 4,2,"Claudir Sergio Halmann                                                                                                                                       , Elcio Rosano Mohr                                                                                                                                            , Erci Pinto Vieira                                                                                                                                            , Fabio Luis Rosch                                                                                                                                             , Ilson Pilz                                                                                                                                                   , Lotario Hubner                                                                                                                                               , Olair Schuh                                                                                                                                                  , Silmara Pazini Rutzen                                                                                                                                        ","Diretor, Diretor, Diretor, Presidente, Diretor, Diretor, Diretor, Diretor",Tr√™s de Maio,Tr√™s de Maio
09.406.013/0001-30,ERNESTO ZAMBENEDETTI E CIA LTDA   ME               ,Sociedade Qt Ltda,ComÈrcio Varejista d,99580-000,Microempresa,De 1 a 4,4,"Ernesto Zambenedetti                                                                                                                                         , Luciano Zambenedetti                                                                                                                                         , Marilei Escher Zambenedetti                                                                                                                                  ","S√≥cio, S√≥cio-Administrador, S√≥cio-Administrador",Nova Boa Vista,Nova Boa Vista
05.371.648/0001-98,BALDUINO TOLOTTI                                   ,Firma Mercantil Indi,FabricaÁ„o de Sucos,99585-000,Microempresa,0 Empregado,0,,,"Nova Boa Vista, Novo Barreiro, Barra Funda","Barra Funda, Novo Barreiro, Nova Boa Vista"
,,,,NA-NA,,,,"Rodrigo Loro Trevisol                                                                                                                                        , Valmi Joao Giuliani                                                                                                                                          ","Diretor, Presidente",S√£o Sep√©,
21.146.580/0001-08,MAXXI CONSULTAS MEDICAS LTDA EPP                   ,Sociedade Qt Ltda,Atividades de AtenÁ„,92010-300,Pequeno Porte,0 Empregado,0,"Bruno Palaver Dall Ago                                                                                                                                       , Vanderlei Jose Warnava                                                                                                                                       ","S√≥cio-Administrador, S√≥cio-Administrador",Esteio,
07.882.029/0001-93,COOPERATIVA AGRIC FAM MARCELINOS RAMOS COCEL LTDA  ,Cooperativa,ComÈrcio Atacadista,99800-000,Outros,De 1 a 4,1,"Ademir Antoninho Momo                                                                                                                                        , Jair Antonio Oldoni                                                                                                                                          ","Diretor, Presidente",Marcelino Ramos,
24.672.562/0001-40,JOSE L DE ALMEIDA ME                               ,Firma Mercantil Indi,Atividades de Assist,98460-000,Microempresa,De 5 a 9,9,,,Vista Alegre,
89.305.239/0056-57,COOP DOS SUINOCULTORES DE ENCANTADO LTDA           ,Cooperativa,ComÈrcio Varejista d,95960-000,Outros,De 50 a 99,97,,,Putinga,"Roca Sales, Putinga"
12.184.219/0001-77,ASSOCIACAO DOS AGRICULTORES FAMILIARES DE BENTO    ,Outras OrganizaÁıes,Atividades Associati,95700-112,Outros,0 Empregado,0,Vinicios Dall Oglio                                                                                                                                          ,Presidente,Bento Gon√ßalves,Bento Gon√ßalves
01.131.231/0001-05,COOP DE PROD AGROPEC SETE DE JULHO                 ,Cooperativa,ComÈrcio Atacadista,92480-000,Outros,0 Empregado,0,"Arnaldo Soares Borges                                                                                                                                        , Chandi Leonardo Diel                                                                                                                                         , Juraci Lima De Oliveira                                                                                                                                      ","Presidente, Diretor, Diretor",Xangri-L√°,Mostardas
16.992.534/0001-81,COOP DE FRUTICULTORES FAMILIARES COOPAF            ,Cooperativa,Atividades de PÛs-Co,99980-000,Outros,De 1 a 4,1,"Armando Rugini                                                                                                                                               , Gilmar Carlos Contini                                                                                                                                        ","Diretor, Presidente",Cir√≠aco,Cir√≠aco
08.602.228/0001-63,ASSOC DOS FEIRANTES DE FORT DOS VALOS              ,Outras OrganizaÁıes,Atividades Associati,98125-000,Outros,De 1 a 4,1,Rosilaine Horbach Antonello                                                                                                                                  ,Presidente,Boa Vista do Incra,
06.316.591/0001-97,ASSOCIACAO DOS COLABORADORES DE PROTECAO           ,Outras OrganizaÁıes,Atividades de Associ,97670-000,Outros,De 1 a 4,4,Jane Terezinha Pozza Garcia                                                                                                                                  ,Presidente,S√£o Borja,
02.794.010/0001-71,IRMAOS KOBELINSKI LTDA                             ,Sociedade Qt Ltda,FabricaÁ„o de Sucos,99265-000,Microempresa,0 Empregado,0,"Celio Odacir Kobelinski                                                                                                                                      , Lecio Silvio Kobelinski                                                                                                                                      , Sergio Moacir Kobelinski                                                                                                                                     ","S√≥cio, S√≥cio-Administrador, S√≥cio-Administrador","S√£o domingos do Sul, Santo Ant√¥nio do Palma, Gentil","S√£o domingos do Sul, Gentil, Santo Ant√¥nio do Palma"
12.849.375/0001-00,COOPERATIVA DOS PEQUENOS PRODUTORES FAMILIARES DE PI,Cooperativa,ComÈrcio Varejista d,98435-000,Outros,0 Empregado,0,"Artidore Rodrigues                                                                                                                                           , Gerson Grings                                                                                                                                                ","Diretor, Presidente",Pinheirinho do Vale,Pinheirinho do Vale
90.430.414/0001-43,COOPAPICFRUTIC ZONA SUL                         ,Cooperativa,ComÈrcio Varejista d,96010-971,Outros,De 1 a 4,4,"Glauber Kurz Scaglioni                                                                                                                                       , Leo Vahl                                                                                                                                                     , Leomar Manke                                                                                                                                                 , Matheus Barcellos Werhli                                                                                                                                     , Mirian Beatriz Schuler Sturbelle Vergara                                                                                                                     , Rogerio Luvier Vieira                                                                                                                                        , Valdemar Augusto Vahl                                                                                                                                        ","Diretor, Diretor, Diretor, Diretor, Diretor, Diretor, Presidente",Pelotas,Pelotas
12.877.184/0001-51,COOPERATIVA DOS PRODUTORES AGRICOLAS DO            ,Cooperativa,ComÈrcio Atacadista,96060-000,Outros,De 10 a 19,13,"Egon Martin Hellwig                                                                                                                                          , Elias Renato Knopp                                                                                                                                           , Nilson Scheunemann                                                                                                                                           ","Presidente, Diretor, Diretor",Pelotas,Pelotas
88.587.357/0030-01,COOPERATIVA SANTA CLARA LTDA                       ,Cooperativa,ComÈrcio Atacadista,95052-100,Outros,De 20 a 49,30,,,S√£o Jos√© dos Ausentes,S√£o Jos√© dos Ausentes
08.616.387/0001-17,COOPERATIVA MISTA DE AGRIC FAM DE ITATI            ,Cooperativa,Atividades de Apoio,95538-000,Outros,De 5 a 9,5,"Bruno Engel Justin                                                                                                                                           , Rodrigo Wolff                                                                                                                                                ","Diretor, Presidente","Os√≥rio, Itati, Caxias do Sul","Xangri-L√°, Cap√£o da Canoa, Tr√™s Forquilhas, Caxias do Sul"
14.506.106/0001-76,COOPERATIVA  LAGOENSE DE AGRICULTURA               ,Cooperativa,ComÈrcio Atacadista,95300-000,Outros,De 1 a 4,1,"Adimir Da Silva                                                                                                                                              , Arivaldes Sasset                                                                                                                                             , Clerio Zwirtes                                                                                                                                               ","Diretor, Presidente, Diretor",Lagoa Vermelha,"Ibia√ß√°, Muitos Cap√µes, Muliterno, Caseiros"
17.600.767/0001-54,AGROINDUSTRIA KIKORV LTDA ME                       ,Sociedade Qt Ltda,FabricaÁ„o de Produt,93180-000,Microempresa,0 Empregado,0,"Paulo Ricardo Kickorv                                                                                                                                        , Paulo Kickorv                                                                                                                                                ","S√≥cio-Administrador, S√≥cio",Est√¢ncia Velha,
19.834.864/0001-37,COOPERATIVA MISTA CAMPOS DE VIAMAO LTDA            ,Cooperativa,ComÈrcio Atacadista,94750-000,Outros,De 1 a 4,4,"Luis Fernando Santos Carlos                                                                                                                                  , Maicon Tuchtenhagen Ferreira                                                                                                                                 ","Diretor, Presidente","Glorinha, Rio Grande","Imb√©, Glorinha, Buti√°"
,,,,NA-NA,,,,,,Parob√©,Parob√©
11.069.140/0001-32,COOPERATIVA MISTA AGROINDUSTRIAL DOS REASSENTADOS ES,Cooperativa,"Abate de Reses, Exce",95380-000,Outros,0 Empregado,0,"Eloir Denilso Vieira Soares                                                                                                                                  , Franciele Dos Santos Almeida                                                                                                                                 ","Presidente, Diretor",Muitos Cap√µes,
,,,,NA-NA,,,,,,Teut√¥nia,
91.949.420/0001-74,VINICOLA FIN LTDA                                  ,Sociedade Qt Ltda,FabricaÁ„o de Vinho,98855-000,Microempresa,De 1 a 4,1,"Eleana Kruel Diniz Fin                                                                                                                                       , Jorge Fernandes Fin                                                                                                                                          ","S√≥cio-Administrador, S√≥cio-Administrador",Santo Ant√¥nio das Miss√µes,
04.642.568/0001-67,COOPEG COOP DE PRODUTORES ECOLOGISTAS DE GARIBALDI L,Cooperativa,FabricaÁ„o de Vinho,95720-000,Microempresa,De 1 a 4,3,"Damian Paulo Chiesa                                                                                                                                          , Jorge Luis Mariani                                                                                                                                           , Sergio Salvi                                                                                                                                                 ","Diretor, Presidente, Diretor",Garibaldi,
,,,,NA-NA,,,,Antonio Ricardo Colombo Sader                                                                                                                                ,Presidente,Taquara,"Taquara, Canela"
91.589.507/0008-54,COOPERATIVA AGROPECUARIA PETROPOLIS LTDA           ,Cooperativa,ComÈrcio Varejista d,93990-000,Outros,De 20 a 49,23,,,Morro Reuter,Morro Reuter
14.169.702/0001-08,COOPDE AGRICULT E AGROINDFAMDE CX LT           ,Cooperativa,ComÈrcio Atacadista,95074-307,Pequeno Porte,De 10 a 19,11,"Airton Luiz Schwantes                                                                                                                                        , Antonio Barzan                                                                                                                                               , Elisa Salete Menegotto Toscan                                                                                                                                , Jose Antonio Maltauro                                                                                                                                        , Leonar Seefeld                                                                                                                                               , Luciano Zanotti                                                                                                                                              , Marcos Rech                                                                                                                                                  , Rafael Bernardo Potter                                                                                                                                       , Rodrigo Antonio Sirtoli                                                                                                                                      , Samuel Pezzi                                                                                                                                                 , Sandro Luis Finn                                                                                                                                             , Valdir Luis Dallegrave                                                                                                                                       ","Diretor, Diretor, Diretor, Diretor, Diretor, Diretor, Diretor, Diretor, Presidente, Diretor, Diretor, Diretor","Caxias do Sul, Arroio do Meio, Bento Gon√ßalves","Flores da Cunha, Caxias do Sul, Bento Gon√ßalves, Arroio do Meio"
01.526.764/0001-88,COOPERATIVA AECIA DE AGRIC ECOLOGISTAS            ,Cooperativa,FabricaÁ„o de Sucos,95250-000,Outros,De 1 a 4,2,"Gilmar Pontel                                                                                                                                                , Nilson Camatti                                                                                                                                               , Pio Bernardi                                                                                                                                                 ","Diretor, Presidente, Diretor",Caxias do Sul,
07.775.105/0001-61,COOPERATIVA AGROPECUARIA CENTRO SUL COOPACS LTDA   ,Cooperativa,ComÈrcio Atacadista,96190-000,Outros,0 Empregado,0,"Alex Gawlinski                                                                                                                                               , Dalnei Szortyka Kila                                                                                                                                         , Jairo Jose Estanieski                                                                                                                                        , Jui Martins Lopes                                                                                                                                            , Renato Oliveira Stasinski                                                                                                                                    ","Presidente, Diretor, Diretor, Diretor, Diretor",dom Feliciano,
02.672.101/0001-34,COOPERATIVA AGRICOLA NOVA PADUA LTDA               ,Cooperativa,ComÈrcio Varejista d,95275-000,Outros,De 5 a 9,8,"Gregorio Munaro                                                                                                                                              , Natalino Bedin                                                                                                                                               ","Diretor, Presidente",Nova P√°dua,
18.039.013/0001-30,COOPESMI                                           ,Cooperativa,Pesca em ·gua Salgad,96212-740,Outros,0 Empregado,0,"Anadir Serafim Dos Santos                                                                                                                                    , Laudeci Dutra Neves                                                                                                                                          , Louredi Vinagre Borges                                                                                                                                       , Vilson Da Silva Branco                                                                                                                                       ","Diretor, Diretor, Presidente, Diretor",Rio Grande,
88.587.357/0018-07,COOPERATIVA SANTA CLARA LTDA                       ,Cooperativa,ComÈrcio Varejista d,95360-000,Outros,De 20 a 49,24,,,Para√≠,Para√≠
04.582.471/0001-06,VINICOLA SIMONETTO LTDA                           ,Sociedade Qt Ltda,FabricaÁ„o de Vinho,95330-000,Outros,0 Empregado,0,"Claudionor Simonetto                                                                                                                                         , Dilvana Ines Remor Simonetto                                                                                                                                 ","S√≥cio-Administrador, S√≥cio",Veran√≥polis,
09.378.991/0001-15,COOP MISTA AGROPECUARIA E ECONOMIA SOLIDARIA COOPERS,Cooperativa,ComÈrcio Varejista d,98780-765,Outros,De 1 a 4,2,"Fabiana Raquel Bender                                                                                                                                        , Jaime Kreulich                                                                                                                                               ","Presidente, Diretor","Santa Rosa, Tr√™s de Maio",Santa Rosa
16.698.837/0001-96,AGROINDUSTRIA PROGRESSO LTDA ME                    ,Sociedade Qt Ltda,"Abate de SuÌnos, Ave",98870-000,Microempresa,De 5 a 9,5,"Alexandre Ricardo Grutzmann                                                                                                                                  , Solange Terezinha Grutzmann                                                                                                                                  ","S√≥cio, S√≥cio-Administrador",Giru√°,
91.022.632/0027-40,COOP AGRIC MISTA NOVA PALMA LTDA                   ,Cooperativa,ComÈrcio Varejista d,97220-000,Outros,De 20 a 49,35,,,Faxinal do Soturno,
,,,,NA-NA,,,,,,Guarani das Miss√µes,
10.684.004/0001-90,COOPAF -  SAO FCO DE PAULA                        ,Cooperativa,ComÈrcio Atacadista,95400-000,Outros,De 1 a 4,1,"Amarildo Felipe Dos Santos                                                                                                                                   , Antonio Juares Prates Ramos                                                                                                                                  , Elmar Silveira De Souza                                                                                                                                      , Francisco Marco De Mello                                                                                                                                     , Moises Joel Ramos                                                                                                                                            , Romulo Dutra Teixeira                                                                                                                                        ","Diretor, Diretor, Diretor, Presidente, Diretor, Diretor",S√£o Francisco de Paula,S√£o Francisco de Paula
06.942.198/0001-09,INSTITUTO CULTURAL PADRE JOSIMO                    ,Outras OrganizaÁıes,Atividades de Associ,96495-971,Outros,De 5 a 9,9,Sergio Antonio Gorgen                                                                                                                                        ,Presidente,Bacia do rio Jaragu„o,
07.508.742/0001-71,COOPERATIVA DE DESENVOLVIMENTO REGIONAL LTDA       ,Cooperativa,ComÈrcio Varejista d,99700-036,Outros,De 1 a 4,3,"Adilso Luis Baroni                                                                                                                                           , Juraci Lucia Zambon Tomicki                                                                                                                                  ","Diretor, Presidente",,Erechim
11.445.065/0001-67,IND COM DE LATICINIOS MOCCELIN LTDA                ,Sociedade Qt Ltda,FabricaÁ„o de LaticÌ,99260-000,Microempresa,De 5 a 9,6,Junior Moccelin                                                                                                                                              ,S√≥cio-Administrador,Casca,Casca
91.589.507/0001-88,COOPERATIVA AGROPECUARIA PETROPOLIS LTDA           ,Cooperativa,FabricaÁ„o de LaticÌ,95150-000,Outros,De 500 a 999,618,"Darcisio Inacio Braun                                                                                                                                        , Jeferson Adonias Smaniotto                                                                                                                                   , Rogerio Klering                                                                                                                                              ","Diretor, Presidente, Diretor",Ca√ßapava do Sul,
16.979.506/0001-24,ELIANE LUTZ SANDRIN-ME                             ,Firma Mercantil Indi,FabricaÁ„o de Massas,95730-000,Microempresa,De 1 a 4,2,,,,Bar√£o
09.238.832/0001-15,COOPERATIVA DE AGRICULTORES FAMILIARES DE SAO MIGUEL,Cooperativa,PreparaÁ„o do Leite,98865-000,Microempresa,0 Empregado,0,"Amalia Edemecia Jung Dos Santos                                                                                                                              , Cesar Marion De Vargas                                                                                                                                       , Dilmar Dos Santos Da Silva                                                                                                                                   , Hilario Jose Copetti                                                                                                                                         , Lucia Ivone Jaskulski                                                                                                                                        , Maria Antonia Da Silva Rodrigues                                                                                                                             , Nadir De Fatima Machado De Lara                                                                                                                              ","Diretor, Diretor, Diretor, Presidente, Diretor, Diretor, Diretor",,S√£o Miguel das Miss√µes
28.740.933/0001-34,DIEHL INDUSTRIA DE PRODUTOS ALIMENTICIOS LTDA EPP  ,Sociedade Qt Ltda,FabricaÁ„o de Produt,95880-000,Pequeno Porte,0 Empregado,0,"Antonio Diehl                                                                                                                                                , Lauro Jose Diehl                                                                                                                                             ","S√≥cio-Administrador, S√≥cio-Administrador",,Estrela
93.298.339/0001-05,ASSOC DESEN COM PROD RURAIS DE MORRO REDONDO   ,Outras OrganizaÁıes,Atividades de Apoio,96150-000,Outros,De 1 a 4,4,Jairo Kuhn                                                                                                                                                   ,Presidente,,Cap√£o do Le√£o
,,,,NA-NA,,,,,,,Arroio do Tigre
05.777.649/0001-37,COMERCIAL DE EMBUTIDOS HERMES LTDA                 ,Sociedade Qt Ltda,ComÈrcio Atacadista,96950-000,Microempresa,De 1 a 4,2,"Olivia Hermes                                                                                                                                                , Wilson Vilmar Hermes                                                                                                                                         ","S√≥cio-Administrador, S√≥cio-Administrador",,Arroio do Tigre
05.686.058/0001-54,COOPERATIVA DOS PRODUTORES DE ALECRIM LT           ,Cooperativa,Atividades de Organi,98950-000,Outros,De 5 a 9,7,"Altair Luiz Dias                                                                                                                                             , Vilmar Jose Rambo                                                                                                                                            ","Presidente, Diretor",,Alecrim
89.305.239/0001-83,COOP DOS SUINOCULTORES DE ENCANTADO LTDA           ,Cooperativa,"Abate de SuÌnos, Ave",95960-000,Outros,1000 ou Mais,1677,Gilberto Antonio Piccinini                                                                                                                                   ,Presidente,,"Mu√ßum, Encantado"
04.716.885/0001-80,JANIO SCHUNKE                                      ,Firma Mercantil Indi,"Abate de SuÌnos, Ave",96930-000,Microempresa,0 Empregado,0,,,,Candel√°ria
20.748.563/0001-70,ROLANTE PESCADOS LTDA ME                           ,Firma Mercantil Indi,PreservaÁ„o do Pesca,95690-000,Microempresa,De 1 a 4,2,"Aline Kohlrausch De Moraes                                                                                                                                   , Renato Valdir Kohlrausch                                                                                                                                     ","S√≥cio-Administrador, S√≥cio-Administrador",,Morrinhos do Sul
07.460.374/0001-39,ROGERIO MARCYNSKI                                  ,Firma Mercantil Indi,FabricaÁ„o de Sucos,99265-000,Microempresa,0 Empregado,0,,,,Santo Ant√¥nio do Palma
05.505.903/0001-48,AGROINDUSTRIA LUCCA LTDA                           ,Sociedade Qt Ltda,FabricaÁ„o de Conser,98640-000,Microempresa,De 1 a 4,4,Dari Lucca                                                                                                                                                   ,S√≥cio-Administrador,,"Humait√°, S√£o Martinho"
01.112.137/0005-24,COOPERATIVA DOS TRABALHADORES ASSENTADOS DA REGIAO P,Cooperativa,Beneficiamento de Ar,92480-000,Outros,0 Empregado,0,,,,Nova Santa Rita
,,,,NA-NA,,,,,,,Bar√£o do Triunfo
,,,,NA-NA,,,,,,,Trindade do Sul
,,,,NA-NA,,,,,,,N√£o-Me-Toque
88.587.357/0007-54,COOPERATIVA SANTA CLARA LTDA                       ,Cooperativa,ComÈrcio Varejista d,95330-000,Outros,De 10 a 19,17,,,,Vila Flores
